{
  "properties": {
    "connectionReferences": {
      "shared_sharepointonline": {
        "runtimeSource": "invoker",
        "connection": {
          "connectionReferenceLogicalName": "gms_sharedsharepointonline_aa8e4"
        },
        "api": {
          "name": "shared_sharepointonline"
        }
      },
      "shared_commondataserviceforapps": {
        "runtimeSource": "embedded",
        "connection": {
          "connectionReferenceLogicalName": "merp_sharedcommondataserviceforapps_d9ffc"
        },
        "api": {
          "name": "shared_commondataserviceforapps"
        }
      }
    },
    "definition": {
      "$schema": "https://schema.management.azure.com/providers/Microsoft.Logic/schemas/2016-06-01/workflowdefinition.json#",
      "contentVersion": "1.0.0.0",
      "parameters": {
        "$connections": {
          "defaultValue": {},
          "type": "Object"
        },
        "$authentication": {
          "defaultValue": {},
          "type": "SecureObject"
        }
      },
      "triggers": {
        "manual": {
          "metadata": {
            "operationMetadataId": "69d6c4f1-ba49-47f3-b6f2-bf9b29524a38"
          },
          "type": "Request",
          "kind": "PowerAppV2",
          "inputs": {
            "schema": {
              "type": "object",
              "properties": {
                "text": {
                  "title": "guid",
                  "type": "string",
                  "x-ms-dynamically-added": true,
                  "description": "Please enter your input",
                  "x-ms-content-hint": "TEXT"
                }
              },
              "required": [
                "text"
              ]
            }
          }
        }
      },
      "actions": {
        "Send_an_HTTP_request_to_SharePoint": {
          "runAfter": {
            "FolderName": [
              "Succeeded"
            ]
          },
          "metadata": {
            "operationMetadataId": "20277aff-1c57-42fb-b9f4-c2b29d021655"
          },
          "type": "OpenApiConnection",
          "inputs": {
            "host": {
              "connectionName": "shared_sharepointonline",
              "operationId": "HttpRequest",
              "apiId": "/providers/Microsoft.PowerApps/apis/shared_sharepointonline"
            },
            "parameters": {
              "dataset": "https://merpsystems.sharepoint.com/sites/DevelopmentSP",
              "parameters/method": "POST",
              "parameters/uri": "https://merpsystems.sharepoint.com/_api/v2.0/sites('merpsystems.sharepoint.com,3676033f-464d-4501-8696-c134bed882b3,204bacc3-2ff4-4905-bfdb-ffebc24ae874')/drives/b!PwN2Nk1GAUWGlsE0vtiCs8OsSyD0LwVJv9v_68JK6HTX6kV7ruJEQJIBmUCjt2fq/root:/@{outputs('FolderName')}/@{outputs('Get_a_row_by_ID-Contact')?['body/fullname']}.pdf:/oneDrive.preview",
              "parameters/headers": {
                "Content-Type": "application/json",
                "Accept": "application/json"
              }
            },
            "authentication": "@parameters('$authentication')"
          }
        },
        "Compose": {
          "runAfter": {
            "Send_an_HTTP_request_to_SharePoint": [
              "Succeeded"
            ]
          },
          "metadata": {
            "operationMetadataId": "f884cef6-a0ec-451a-aecf-89386ec4732e"
          },
          "type": "Compose",
          "inputs": "@body('Send_an_HTTP_request_to_SharePoint')?['geturl']"
        },
        "Respond_to_a_PowerApp_or_flow": {
          "runAfter": {
            "Compose": [
              "Succeeded"
            ]
          },
          "metadata": {
            "operationMetadataId": "365af9b4-dde3-41c1-9945-b2f2fcbdb6bc"
          },
          "type": "Response",
          "kind": "PowerApp",
          "inputs": {
            "statusCode": 200,
            "body": {
              "previewurl": "@{outputs('Compose')}"
            },
            "schema": {
              "type": "object",
              "properties": {
                "previewurl": {
                  "title": "previewURL",
                  "x-ms-dynamically-added": true,
                  "type": "string"
                }
              }
            }
          }
        },
        "Get_a_row_by_ID-Medical_Report": {
          "runAfter": {},
          "metadata": {
            "operationMetadataId": "18f2670d-15d1-4120-a893-390eaaa184d8"
          },
          "type": "OpenApiConnection",
          "inputs": {
            "host": {
              "connectionName": "shared_commondataserviceforapps",
              "operationId": "GetItem",
              "apiId": "/providers/Microsoft.PowerApps/apis/shared_commondataserviceforapps"
            },
            "parameters": {
              "entityName": "merp_medicalreports",
              "recordId": "@triggerBody()['text']"
            },
            "authentication": "@parameters('$authentication')"
          }
        },
        "guid": {
          "runAfter": {
            "Get_a_row_by_ID-Contact": [
              "Succeeded"
            ]
          },
          "metadata": {
            "operationMetadataId": "0a3b6b14-625d-42c9-b830-59b24a7d758f"
          },
          "type": "Compose",
          "inputs": "@outputs('Get_a_row_by_ID-Medical_Report')?['body/merp_medicalreportid']"
        },
        "Formatted_GUID": {
          "runAfter": {
            "guid": [
              "Succeeded"
            ]
          },
          "metadata": {
            "operationMetadataId": "9c7626af-1172-4ab0-89ce-ebc00dc48023"
          },
          "type": "Compose",
          "inputs": "@toUpper(replace(outputs('guid'),'-',''))"
        },
        "FolderName": {
          "runAfter": {
            "Formatted_GUID": [
              "Succeeded"
            ]
          },
          "metadata": {
            "operationMetadataId": "1dc6cbf1-a5dc-4773-9a04-cfa6c059fca8"
          },
          "type": "Compose",
          "inputs": "@{outputs('Get_a_row_by_ID-Medical_Report')?['body/merp_name']}_@{outputs('Formatted_GUID')}"
        },
        "Get_a_row_by_ID-Contact": {
          "runAfter": {
            "Get_a_row_by_ID-Medical_Report": [
              "Succeeded"
            ]
          },
          "metadata": {
            "operationMetadataId": "26e1b751-75bb-41be-829b-fb6a90a2fa0c"
          },
          "type": "OpenApiConnection",
          "inputs": {
            "host": {
              "connectionName": "shared_commondataserviceforapps",
              "operationId": "GetItem",
              "apiId": "/providers/Microsoft.PowerApps/apis/shared_commondataserviceforapps"
            },
            "parameters": {
              "entityName": "contacts",
              "recordId": "@outputs('Get_a_row_by_ID-Medical_Report')?['body/_merp_patientname_value']"
            },
            "authentication": "@parameters('$authentication')"
          }
        }
      }
    },
    "templateName": ""
  },
  "schemaVersion": "1.0.0.0"
}